,State,mse,r2
0,Oregon,115126194.9956856,0.9093302642855984
0,California,592645481.3424072,0.7598896943852322
0,Washington,338395172.01694494,0.8320174217721047
0,Florida,282006307.31949925,0.4952588732082487
0,Texas,125934649.85595998,0.774599378025944
0,Maryland,508302003.0532567,0.0902298313458142
0,Nebraska,132309633.97770189,0.7631892904308393
